step,value,frequency
0,0.0,440
1,0.1,450
2,0.2,460
3,0.30000000000000004,470
4,0.4,480
5,0.5,490
6,0.6000000000000001,500
7,0.7000000000000001,510
8,0.8,520
9,0.9,530
