n,lucas_n,ratio
0,2,
1,1,0.5
2,3,3.0
3,4,1.3333333333333333
4,7,1.75
5,11,1.5714285714285714
6,18,1.6363636363636365
7,29,1.6111111111111112
8,47,1.6206896551724137
9,76,1.6170212765957446
10,123,1.618421052631579
